,AAPL,AMZN,GOOGL,MSFT,TSLA
AAPL,1.0,0.5947796085139402,0.6528537096462091,0.7509131882818605,0.49247733616143036
AMZN,0.5947796085139402,1.0,0.6499726943110442,0.6801714520450831,0.4365658110520568
GOOGL,0.6528537096462091,0.6499726943110442,1.0,0.7479245461150318,0.406230163108116
MSFT,0.7509131882818605,0.6801714520450831,0.7479245461150318,1.0,0.45608795279780556
TSLA,0.49247733616143036,0.4365658110520568,0.406230163108116,0.45608795279780556,1.0
